{"cameraMode":{"drawMode":0,"name":"Shaded","section":"Shading Mode"},"sceneLighting":false,"audioPlay":false,"sceneViewState":{"showFog":false,"showMaterialUpdate":false,"showSkybox":false,"showFlares":true,"showImageEffects":true,"showParticleSystems":true},"in2DMode":false,"pivot":{"x":0.14142614603042603,"y":0.2935810685157776,"z":-0.15200158953666688},"rotation":{"x":-0.0732417032122612,"y":-0.6910876035690308,"z":0.07073650509119034,"w":-0.715562641620636},"size":0.9762739539146423,"orthographic":false}