{"cameraMode":{"drawMode":0,"name":"Shaded","section":"Shading Mode"},"sceneLighting":false,"audioPlay":false,"sceneViewState":{"showFog":false,"showMaterialUpdate":false,"showSkybox":false,"showFlares":true,"showImageEffects":true,"showParticleSystems":true},"in2DMode":false,"pivot":{"x":1.6418933868408204,"y":-3.0431528091430666,"z":5.330379486083984},"rotation":{"x":-0.04219305142760277,"y":0.24184192717075349,"z":0.010526562109589577,"w":0.9693407416343689},"size":79.83888244628906,"orthographic":true}