{"cameraMode":{"drawMode":0,"name":"Shaded","section":"Shading Mode"},"sceneLighting":false,"audioPlay":false,"sceneViewState":{"showFog":false,"showMaterialUpdate":false,"showSkybox":false,"showFlares":true,"showImageEffects":true,"showParticleSystems":true},"in2DMode":false,"pivot":{"x":-1.3247127532958985,"y":-0.5345914363861084,"z":2.0815725326538088},"rotation":{"x":-0.04219305142760277,"y":0.24184192717075349,"z":0.010526562109589577,"w":0.9693407416343689},"size":47.583778381347659,"orthographic":true}