{"cameraMode":{"drawMode":0,"name":"Shaded","section":"Shading Mode"},"sceneLighting":false,"audioPlay":false,"sceneViewState":{"showFog":false,"showMaterialUpdate":false,"showSkybox":false,"showFlares":true,"showImageEffects":true,"showParticleSystems":true},"in2DMode":false,"pivot":{"x":0.06844262033700943,"y":0.12572327256202699,"z":0.04641911759972572},"rotation":{"x":-0.04187814146280289,"y":-0.7924983501434326,"z":0.054769426584243777,"w":-0.6059645414352417},"size":1.1033495664596558,"orthographic":false}