{"cameraMode":{"drawMode":0,"name":"Shaded","section":"Shading Mode"},"sceneLighting":false,"audioPlay":false,"sceneViewState":{"showFog":false,"showMaterialUpdate":false,"showSkybox":false,"showFlares":true,"showImageEffects":true,"showParticleSystems":true},"in2DMode":false,"pivot":{"x":-0.05856513977050781,"y":-10.683633804321289,"z":-3.9715843200683595},"rotation":{"x":-0.01049890648573637,"y":-0.013499180786311627,"z":-0.0001419756154064089,"w":0.999853789806366},"size":70.19401550292969,"orthographic":true}