{"cameraMode":{"drawMode":0,"name":"Shaded","section":"Shading Mode"},"sceneLighting":true,"audioPlay":false,"sceneViewState":{"showFog":false,"showMaterialUpdate":false,"showSkybox":true,"showFlares":true,"showImageEffects":true,"showParticleSystems":true},"in2DMode":false,"pivot":{"x":589.3509521484375,"y":1187.1029052734375,"z":650.9053955078125},"rotation":{"x":-0.2207198143005371,"y":-0.14219924807548524,"z":0.032545849680900577,"w":-0.964366614818573},"size":3454.468994140625,"orthographic":false}