{"cameraMode":{"drawMode":0,"name":"Shaded","section":"Shading Mode"},"sceneLighting":false,"audioPlay":false,"sceneViewState":{"showFog":false,"showMaterialUpdate":false,"showSkybox":false,"showFlares":true,"showImageEffects":true,"showParticleSystems":true},"in2DMode":false,"pivot":{"x":-1.101496934890747,"y":-1.1671802997589112,"z":5.867391109466553},"rotation":{"x":-0.033615678548812869,"y":-0.12262389063835144,"z":0.004151936154812574,"w":-0.9918751120567322},"size":2.5726640224456789,"orthographic":true}