{"cameraMode":{"drawMode":0,"name":"Shaded","section":"Shading Mode"},"sceneLighting":false,"audioPlay":false,"sceneViewState":{"showFog":true,"showMaterialUpdate":false,"showSkybox":false,"showFlares":true,"showImageEffects":true,"showParticleSystems":true},"in2DMode":false,"pivot":{"x":-0.32402515411376955,"y":0.1013636589050293,"z":-0.4710063934326172},"rotation":{"x":-0.05688343942165375,"y":-0.8871018290519714,"z":0.11372445523738861,"w":-0.4437131881713867},"size":2.633526563644409,"orthographic":false}