{"cameraMode":{"drawMode":0,"name":"Shaded","section":"Shading Mode"},"sceneLighting":false,"audioPlay":false,"sceneViewState":{"showFog":true,"showMaterialUpdate":false,"showSkybox":false,"showFlares":true,"showImageEffects":true,"showParticleSystems":true},"in2DMode":false,"pivot":{"x":0.9989550709724426,"y":-48.05809783935547,"z":-168.87477111816407},"rotation":{"x":-0.08343733847141266,"y":0.13470090925693513,"z":-0.011383633129298687,"w":-0.9873015880584717},"size":0.4916609525680542,"orthographic":false}