{"cameraMode":{"drawMode":0,"name":"Shaded","section":"Shading Mode"},"sceneLighting":false,"audioPlay":false,"sceneViewState":{"showFog":true,"showMaterialUpdate":false,"showSkybox":false,"showFlares":true,"showImageEffects":true,"showParticleSystems":true},"in2DMode":false,"pivot":{"x":-4.8869123458862309,"y":0.023853302001953126,"z":2.561187744140625},"rotation":{"x":0.007411379367113113,"y":-0.9918394088745117,"z":0.06854839622974396,"w":0.10724204778671265},"size":70.02422332763672,"orthographic":false}