{"cameraMode":{"drawMode":0,"name":"Shaded","section":"Shading Mode"},"sceneLighting":false,"audioPlay":false,"sceneViewState":{"showFog":true,"showMaterialUpdate":false,"showSkybox":false,"showFlares":true,"showImageEffects":true,"showParticleSystems":true},"in2DMode":false,"pivot":{"x":9.025981903076172,"y":0.8256492614746094,"z":-11.62828254699707},"rotation":{"x":-0.15833020210266114,"y":-0.5077949166297913,"z":0.09555476158857346,"w":-0.8413947820663452},"size":44.470314025878909,"orthographic":false}