{"cameraMode":{"drawMode":0,"name":"Shaded","section":"Shading Mode"},"sceneLighting":false,"audioPlay":false,"sceneViewState":{"showFog":true,"showMaterialUpdate":false,"showSkybox":false,"showFlares":true,"showImageEffects":true,"showParticleSystems":true},"in2DMode":false,"pivot":{"x":-3.7275655269622804,"y":1.2039856910705567,"z":0.05742168426513672},"rotation":{"x":0.03791394084692001,"y":-0.9617903232574463,"z":0.20349286496639253,"w":0.17919977009296418},"size":9.421403884887696,"orthographic":false}