{"cameraMode":{"drawMode":0,"name":"Shaded","section":"Shading Mode"},"sceneLighting":false,"audioPlay":false,"sceneViewState":{"showFog":true,"showMaterialUpdate":false,"showSkybox":false,"showFlares":true,"showImageEffects":true,"showParticleSystems":true},"in2DMode":false,"pivot":{"x":0.2947111129760742,"y":1.3805052042007447,"z":-1.057343602180481},"rotation":{"x":-0.0936313197016716,"y":-0.7883291244506836,"z":0.12398850172758103,"w":-0.595312774181366},"size":5.886073589324951,"orthographic":false}