{"cameraMode":{"drawMode":0,"name":"Shaded","section":"Shading Mode"},"sceneLighting":false,"audioPlay":false,"sceneViewState":{"showFog":true,"showMaterialUpdate":false,"showSkybox":false,"showFlares":true,"showImageEffects":true,"showParticleSystems":true},"in2DMode":false,"pivot":{"x":6.700000762939453,"y":5.700000762939453,"z":8.799999237060547},"rotation":{"x":-0.09794642776250839,"y":-0.46421879529953005,"z":0.051741279661655429,"w":-0.8787663578987122},"size":191.24957275390626,"orthographic":false}