{"cameraMode":{"drawMode":0,"name":"Shaded","section":"Shading Mode"},"sceneLighting":false,"audioPlay":false,"sceneViewState":{"showFog":true,"showMaterialUpdate":false,"showSkybox":false,"showFlares":true,"showImageEffects":true,"showParticleSystems":true},"in2DMode":false,"pivot":{"x":-1.9857311248779297,"y":-0.6897706985473633,"z":4.773195266723633},"rotation":{"x":0.030116865411400796,"y":-0.9364773035049439,"z":0.08309796452522278,"w":0.33940839767456057},"size":19.04234504699707,"orthographic":false}