{"cameraMode":{"drawMode":0,"name":"Shaded","section":"Shading Mode"},"sceneLighting":false,"audioPlay":false,"sceneViewState":{"showFog":true,"showMaterialUpdate":false,"showSkybox":false,"showFlares":true,"showImageEffects":true,"showParticleSystems":true},"in2DMode":false,"pivot":{"x":-0.024510681629180909,"y":1.1119935512542725,"z":-0.02801501750946045},"rotation":{"x":-0.06418444961309433,"y":-0.8807865977287293,"z":0.12502256035804749,"w":-0.45217788219451907},"size":5.172507286071777,"orthographic":false}