{"cameraMode":{"drawMode":0,"name":"Shaded","section":"Shading Mode"},"sceneLighting":false,"audioPlay":false,"sceneViewState":{"showFog":true,"showMaterialUpdate":false,"showSkybox":false,"showFlares":true,"showImageEffects":true,"showParticleSystems":true},"in2DMode":false,"pivot":{"x":-22.614992141723634,"y":0.06210446357727051,"z":4.767502307891846},"rotation":{"x":-0.2185705304145813,"y":-0.4910791516304016,"z":0.1287994533777237,"w":-0.8333540558815002},"size":6.091625213623047,"orthographic":false}