{"cameraMode":{"drawMode":0,"name":"Shaded","section":"Shading Mode"},"sceneLighting":false,"audioPlay":false,"sceneViewState":{"showFog":true,"showMaterialUpdate":false,"showSkybox":false,"showFlares":true,"showImageEffects":true,"showParticleSystems":true},"in2DMode":false,"pivot":{"x":-2.384185791015625e-7,"y":0.017033308744430543,"z":0.0},"rotation":{"x":0.030116865411400796,"y":-0.9364773035049439,"z":0.08309796452522278,"w":0.33940839767456057},"size":3.358304738998413,"orthographic":false}