{"cameraMode":{"drawMode":0,"name":"Shaded","section":"Shading Mode"},"sceneLighting":false,"audioPlay":false,"sceneViewState":{"showFog":true,"showMaterialUpdate":false,"showSkybox":false,"showFlares":true,"showImageEffects":true,"showParticleSystems":true},"in2DMode":false,"pivot":{"x":0.6975631713867188,"y":3.1997783184051515,"z":-2.521111488342285},"rotation":{"x":-0.024626772850751878,"y":-0.8360010981559753,"z":0.0376461036503315,"w":-0.5468807816505432},"size":7.4091949462890629,"orthographic":false}