{"cameraMode":{"drawMode":0,"name":"Shaded","section":"Shading Mode"},"sceneLighting":false,"audioPlay":false,"sceneViewState":{"showFog":true,"showMaterialUpdate":false,"showSkybox":false,"showFlares":true,"showImageEffects":true,"showParticleSystems":true},"in2DMode":false,"pivot":{"x":-0.9651601314544678,"y":0.08851313591003418,"z":-0.6029949188232422},"rotation":{"x":-0.045046333223581317,"y":-0.9549283385276794,"z":0.211037278175354,"w":-0.20382854342460633},"size":3.0420775413513185,"orthographic":false}