{"cameraMode":{"drawMode":0,"name":"Shaded","section":"Shading Mode"},"sceneLighting":false,"audioPlay":false,"sceneViewState":{"showFog":true,"showMaterialUpdate":false,"showSkybox":false,"showFlares":true,"showImageEffects":true,"showParticleSystems":true},"in2DMode":false,"pivot":{"x":3.4366493225097658,"y":-5.770929336547852,"z":2.1295080184936525},"rotation":{"x":-0.15256042778491975,"y":0.47887152433395388,"z":-0.08491558581590653,"w":-0.8603468537330627},"size":31.422401428222658,"orthographic":false}