{"cameraMode":{"drawMode":0,"name":"Shaded","section":"Shading Mode"},"sceneLighting":false,"audioPlay":false,"sceneViewState":{"showFog":true,"showMaterialUpdate":false,"showSkybox":false,"showFlares":true,"showImageEffects":true,"showParticleSystems":true},"in2DMode":false,"pivot":{"x":-0.8653275966644287,"y":1.3169220685958863,"z":-0.3836212158203125},"rotation":{"x":-0.010743742808699608,"y":-0.9812924861907959,"z":0.05747366324067116,"w":-0.1834297776222229},"size":6.644443035125732,"orthographic":false}