{"cameraMode":{"drawMode":0,"name":"Shaded","section":"Shading Mode"},"sceneLighting":false,"audioPlay":false,"sceneViewState":{"showFog":true,"showMaterialUpdate":false,"showSkybox":false,"showFlares":true,"showImageEffects":true,"showParticleSystems":true},"in2DMode":false,"pivot":{"x":-0.0000037973732105456294,"y":-0.000007087401172611862,"z":-7.521812221966684e-7},"rotation":{"x":-0.08889652788639069,"y":-0.8823725581169128,"z":0.185307577252388,"w":-0.4232933819293976},"size":3.3000569343566896,"orthographic":false}