{"cameraMode":{"drawMode":0,"name":"Shaded","section":"Shading Mode"},"sceneLighting":false,"audioPlay":false,"sceneViewState":{"showFog":true,"showMaterialUpdate":false,"showSkybox":false,"showFlares":true,"showImageEffects":true,"showParticleSystems":true},"in2DMode":false,"pivot":{"x":2.5726606845855715,"y":1.055661678314209,"z":-3.5638370513916017},"rotation":{"x":-0.171403169631958,"y":-0.35043245553970339,"z":0.06539879739284516,"w":-0.9184449315071106},"size":14.917346000671387,"orthographic":false}