{"cameraMode":{"drawMode":0,"name":"Shaded","section":"Shading Mode"},"sceneLighting":false,"audioPlay":false,"sceneViewState":{"showFog":true,"showMaterialUpdate":false,"showSkybox":false,"showFlares":true,"showImageEffects":true,"showParticleSystems":true},"in2DMode":false,"pivot":{"x":-1.08233642578125,"y":2.540729284286499,"z":-1.9585580825805665},"rotation":{"x":-0.06418444961309433,"y":-0.8807865977287293,"z":0.12502256035804749,"w":-0.45217788219451907},"size":10.905675888061524,"orthographic":false}