{"cameraMode":{"drawMode":0,"name":"Shaded","section":"Shading Mode"},"sceneLighting":false,"audioPlay":false,"sceneViewState":{"showFog":true,"showMaterialUpdate":false,"showSkybox":false,"showFlares":true,"showImageEffects":true,"showParticleSystems":true},"in2DMode":false,"pivot":{"x":-3.418583869934082,"y":0.4455699920654297,"z":-1.3493156433105469},"rotation":{"x":-0.022664135321974756,"y":-0.9729021191596985,"z":0.20279629528522492,"w":-0.10872673988342285},"size":16.17365074157715,"orthographic":false}