{"cameraMode":{"drawMode":0,"name":"Shaded","section":"Shading Mode"},"sceneLighting":false,"audioPlay":false,"sceneViewState":{"showFog":true,"showMaterialUpdate":false,"showSkybox":false,"showFlares":true,"showImageEffects":true,"showParticleSystems":true},"in2DMode":false,"pivot":{"x":0.1402280330657959,"y":30.120840072631837,"z":29.877960205078126},"rotation":{"x":-0.2185705304145813,"y":-0.4910791516304016,"z":0.1287994533777237,"w":-0.8333540558815002},"size":4.342230319976807,"orthographic":false}