{"cameraMode":{"drawMode":0,"name":"Shaded","section":"Shading Mode"},"sceneLighting":false,"audioPlay":false,"sceneViewState":{"showFog":true,"showMaterialUpdate":false,"showSkybox":false,"showFlares":true,"showImageEffects":true,"showParticleSystems":true},"in2DMode":false,"pivot":{"x":-0.0008767317049205303,"y":0.069580078125,"z":0.04676468297839165},"rotation":{"x":-0.013254478573799134,"y":-0.9152624011039734,"z":0.03021463192999363,"w":-0.40150490403175356},"size":0.28402450680732729,"orthographic":true}