{"cameraMode":{"drawMode":0,"name":"Shaded","section":"Shading Mode"},"sceneLighting":false,"audioPlay":false,"sceneViewState":{"showFog":true,"showMaterialUpdate":false,"showSkybox":false,"showFlares":true,"showImageEffects":true,"showParticleSystems":true},"in2DMode":false,"pivot":{"x":10.401481628417969,"y":5.669515609741211,"z":-9.439292907714844},"rotation":{"x":-0.18784663081169129,"y":-0.41095271706581118,"z":0.08694753050804138,"w":-0.8878466486930847},"size":61.84578323364258,"orthographic":false}