{"cameraMode":{"drawMode":0,"name":"Shaded","section":"Shading Mode"},"sceneLighting":false,"audioPlay":false,"sceneViewState":{"showFog":true,"showMaterialUpdate":false,"showSkybox":false,"showFlares":true,"showImageEffects":true,"showParticleSystems":true},"in2DMode":false,"pivot":{"x":4.529367446899414,"y":2.0543603897094728,"z":-4.594112396240234},"rotation":{"x":-0.171403169631958,"y":-0.35043245553970339,"z":0.06539879739284516,"w":-0.9184449315071106},"size":13.386147499084473,"orthographic":false}